"Rank","NCT Number","Title","Recruitment","Study Results","Conditions","Interventions","Sponsor/Collaborators","Gender","Age Groups","Phases","Enrollment","Funded Bys","Study Types","Study Designs","Other IDs","First Received","Start Date","Completion Date","Last Updated","Last Verified","Results First Received","Acronym","Primary Completion Date","Outcome Measures","URL"
1,"NCT01397708","Safety Study of Adenovirus Vector Engineered to Express hIL-12 in Combination With Activator Ligand to Treat Melanoma","Completed","No Results Available","Melanoma","Biological: INXN-2001|Drug: INXN-1001","Ziopharm","Both","Adult|Senior","Phase 1|Phase 2","26","Industry","Interventional","Endpoint Classification: Safety Study|Intervention Model: Single Group Assignment|Primary Purpose: Treatment|Masking: Open Label","ADA1001|ATI001-101","July 14, 2011","August 2011","September 2014","January 23, 2015","March 2014","No Study Results Posted","null","September 2014","Evaluate the safety and tolerability of intratumoral injections of INXN-2001 (Ad-RTS-hIL-12) at a constant dose in combination with inter-cohort escalating doses of INXN-1001 (activator ligand) in subjects with unresectable Stage III or IV melanoma.|Inform the selection of an INXN-1001 dose(s) for further study in combination with INXN-2001.|To obtain preliminary anti-tumor activity according to RECIST 1.1 criteria.|Evaluate the immunological effect of study treatment in terms of cellular and tumoral immune responses.|Evaluate the extent of the uptake of INXN-2001 into tumor cells and tumor-infiltrating immune cells.","https://ClinicalTrials.gov/show/NCT01397708"
2,"NCT00815607","Trial of an Intratumoral Injections of INXN-3001 in Subjects With Stage III or IV Melanoma","Completed","No Results Available","Melanoma","Drug: INXN-1001|Biological: INXN-3001","Ziopharm","Both","Adult|Senior","Phase 1","12","Industry","Interventional","Endpoint Classification: Safety Study|Intervention Model: Single Group Assignment|Primary Purpose: Treatment|Masking: Open Label","RTS-M101B'|NIH OBA 0710-881","December 19, 2008","April 2009","January 2013","July 17, 2013","July 2013","No Study Results Posted","null","January 2013","Physical examinations, vital signs, serum chemistry, urinalysis, hematology, adverse events, and objective response rate, as assessed by diagnostic CT scans|PK of oral Activator Ligand, Immunologic responses, particularly frequency of CTLs and Tregs and hIL-12 and other cytokine levels in injected target tumor(s) and in peripheral blood, Efficacy.","https://ClinicalTrials.gov/show/NCT00815607"
3,"NCT01703754","Adenoviral Vector Monotherapy or Combination With Chemotherapy in Subjects With Recurrent/Metastatic Breast Cancer.","Completed","No Results Available","Breast Cancer Nos Metastatic Recurrent","Genetic: Ad-RTS-hIL-12 and Veledimex|Drug: Palifosfamide","Ziopharm","Both","Adult|Senior","Phase 2","12","Industry","Interventional","Allocation: Randomized|Endpoint Classification: Safety/Efficacy Study|Intervention Model: Parallel Assignment|Primary Purpose: Treatment|Masking: Open Label","ATI001-201","August 29, 2012","March 2013","December 2014","January 26, 2015","January 2015","No Study Results Posted","null","December 2014","Safety and tolerability of study drug therapy based on type and rate of adverse events and 16-week PFS rate.|Objective response rate (ORR) by modified RECIST v1.1|Clinical Benefit rate: proportion of subjects with CR, PR, or SD by modified RECIST v1.1|Estimate PFS by modified RECIST v1.1|Evaluate Pharmacodynamic tumor markers in tumor tissue samples that may correlate with objective tumor response and/or clinical outcome","https://ClinicalTrials.gov/show/NCT01703754"
4,"NCT02026271","A Study of Ad-RTS-hIL-12 With Veledimex in Subjects With Glioblastoma or Malignant Glioma","Recruiting","No Results Available","Glioblastoma Multiforme|Anaplastic Oligoastrocytoma","Biological: INXN-2001|Drug: veledimex","Ziopharm","Both","Adult|Senior","Phase 1","48","Industry","Interventional","Endpoint Classification: Safety Study|Intervention Model: Single Group Assignment|Primary Purpose: Treatment|Masking: Open Label","ATI001-102","December 16, 2013","June 2015","December 2016","August 25, 2015","August 2015","No Study Results Posted","null","December 2016","Safety and tolerability of a single intra tumor Ad-RTS-hIL-12 dose (1.0x10^12 viral particles) plus escalating oral veledimex doses in subjects with recurrent or progressive glioblastoma or Grade III malignant glioma|Veledimex maximum tolerated dose (MTD) when given with a single intra tumor Ad-RTS-hIL-12 dose (1.0x10^12 viral particles)|Veledimex pharmacokinetic profile and distribution to the tumor|Cellular and humoral immune responses elicited by Ad-RTS-hIL-12 and veledimex|Tumor Objective Response Rate (ORR)|Progression-free survival (PFS)|Overall survival (OS)","https://ClinicalTrials.gov/show/NCT02026271"
5,"NCT00718484","A Study of Palifosfamide Tris Plus Doxorubicin Versus Doxorubicin in Unresectable or Metastatic Soft-tissue Sarcoma","Active, not recruiting","No Results Available","Soft Tissue Sarcoma","Drug: Palifosfamide Tris and Doxorubicin|Drug: Doxorubicin","Ziopharm","Both","Adult|Senior","Phase 2","67","Industry","Interventional","Allocation: Randomized|Endpoint Classification: Safety/Efficacy Study|Intervention Model: Crossover Assignment|Primary Purpose: Treatment|Masking: Open Label","IPM2002","July 16, 2008","August 2008","April 2014","January 29, 2014","January 2014","No Study Results Posted","PICASSO","April 2012","The primary efficacy analysis will be conducted on the intent-to-treat (ITT) population. All attempts will be made to conduct assessment of disease status every 6 weeks until progression of disease or initiating off protocol anti cancer therapies.","https://ClinicalTrials.gov/show/NCT00718484"
6,"NCT00591136","Phase I Study of Indibulin in Patients With Solid Tumors","Completed","No Results Available","Solid Tumors","Drug: indibulin","Ziopharm","Both","Adult|Senior","Phase 1","47","Industry","Interventional","Allocation: Non-Randomized|Endpoint Classification: Safety Study|Intervention Model: Single Group Assignment|Primary Purpose: Treatment|Masking: Open Label","IBL1001","December 26, 2007","April 2003","September 2008","July 18, 2012","July 2012","No Study Results Posted","null","September 2008","toxicities|pharmacokinetics","https://ClinicalTrials.gov/show/NCT00591136"
7,"NCT00439686","Study of ZIO-201 in Advanced Sarcoma","Completed","No Results Available","Advanced Sarcoma","Drug: ZIO-201","Ziopharm","Both","Adult|Senior","Phase 1|Phase 2","53","Industry","Interventional","Allocation: Non-Randomized|Endpoint Classification: Safety/Efficacy Study|Intervention Model: Single Group Assignment|Primary Purpose: Treatment|Masking: Open Label","IPM2001","February 22, 2007","February 2006","December 2013","January 29, 2014","January 2014","No Study Results Posted","null","June 2008","toxicities|pharmacokinetics","https://ClinicalTrials.gov/show/NCT00439686"
8,"NCT00421135","A Protocol for the Safety and Tolerance of Intravenous Isophosphoramide Mustard (IPM) in Patients With Advanced Cancer","Completed","No Results Available","Advanced Cancer","Drug: ZIO-201","Ziopharm","Both","Adult|Senior","Phase 1","30","Industry","Interventional","Allocation: Non-Randomized|Endpoint Classification: Safety/Efficacy Study|Intervention Model: Single Group Assignment|Primary Purpose: Treatment|Masking: Open Label","IPM1001","January 10, 2007","February 2006","October 2007","September 16, 2009","September 2009","No Study Results Posted","null","October 2007","toxicities|pharmacokinetics","https://ClinicalTrials.gov/show/NCT00421135"
9,"NCT00608803","Phase 1 Study of ZIO-201-T in Combination With Doxorubicin in Solid Tumors","Completed","No Results Available","Advanced Cancer","Drug: ZIO-201-T and doxorubicin","Ziopharm","Both","Adult|Senior","Phase 1","30","Industry","Interventional","Allocation: Non-Randomized|Endpoint Classification: Safety Study|Intervention Model: Single Group Assignment|Primary Purpose: Treatment|Masking: Open Label","IPM1002","January 22, 2008","January 2008","January 2009","September 16, 2009","September 2009","No Study Results Posted","null","January 2009","Toxicities|Pharmacokinetics","https://ClinicalTrials.gov/show/NCT00608803"
10,"NCT00607711","Study of Oral Palifosfamide Tris in Solid Tumors","Suspended","No Results Available","Advanced Cancer","Drug: oral palifosfamide tris","Ziopharm","Both","Adult|Senior","Phase 1","20","Industry","Interventional","Allocation: Non-Randomized|Endpoint Classification: Safety Study|Intervention Model: Single Group Assignment|Primary Purpose: Treatment|Masking: Open Label","IPC1001","January 24, 2008","March 2008","November 2009","April 30, 2008","January 2008","No Study Results Posted","null","November 2009","Toxicities|Safety","https://ClinicalTrials.gov/show/NCT00607711"
11,"NCT01113970","Study of a Novel Indibulin Dosing Schedule for the Treatment of Metastatic Breast Cancer","Active, not recruiting","No Results Available","Metastatic Breast Cancer","Drug: Indibulin","Ziopharm|Memorial Sloan Kettering Cancer Center","Both","Adult|Senior","Phase 1|Phase 2","60","Industry|Other","Interventional","Endpoint Classification: Safety/Efficacy Study|Intervention Model: Single Group Assignment|Primary Purpose: Treatment|Masking: Open Label","IBL2001","April 8, 2010","March 2010","May 2013","January 29, 2013","July 2012","No Study Results Posted","null","May 2013","Phase I- Maximum Tolerated Dose|Phase II- Progression Free Survival|Phase I- Number of participants with Adverse Events as a measure of safety and tolerability|Phase I- Toxicity|Phase I- Pharmacokinetics of indibulin in study subject plasma assessed in Cycle 1 Day 1 and Cycle 1 Day 5 per schedule below in Description section.|Phase II- Overall Response Rate|Phase II- Rate of Stable Disease|Phase II- Number of patients with Adverse Events as a measure of safety and tolerability","https://ClinicalTrials.gov/show/NCT01113970"
12,"NCT01555710","Study of Palifosfamide-tris in Combination With Carboplatin and Etoposide in Chemotherapy Naïve Patients With Extensive-Stage Small Cell Lung Cancer (The MATISSE Study)","Active, not recruiting","No Results Available","Extensive-Stage Small Cell Lung Cancer","Drug: Carboplatin|Drug: Palifosfamide-tris|Drug: Etoposide|Drug: Carboplatin","Ziopharm","Both","Adult|Senior","Phase 3","548","Industry","Interventional","Allocation: Randomized|Endpoint Classification: Efficacy Study|Intervention Model: Parallel Assignment|Primary Purpose: Treatment|Masking: Open Label","IPM3002","March 12, 2012","May 2012","June 2015","May 20, 2013","May 2013","No Study Results Posted","null","June 2015","Overall Survival (OS)|Progression Free Survival (PFS)|Quality of Life (QOL) as assessed by EQ-5D-3L and QLQ-LC13|Objective Response Rate (ORR)|Response Duration|Safety parameters (number of adverse events as well as number of findings from physical examinations, ECGs, vital signs, and clinical laboratory results)using NCI CTCAE v. 4.03","https://ClinicalTrials.gov/show/NCT01555710"
13,"NCT01139359","Safety Study of Darinaparsin in Combination With Cyclophosphamide, Doxorubicin, Vincristine, and Prednisone (CHOP) to Treat Lymphoma","Withdrawn","No Results Available","Lymphoma","Drug: darinaparsin|Drug: CHOP","Ziopharm","Both","Adult|Senior","Phase 1","0","Industry","Interventional","Endpoint Classification: Safety Study|Intervention Model: Single Group Assignment|Primary Purpose: Treatment|Masking: Open Label","SGL1003","June 4, 2010","June 2010","June 2011","July 18, 2012","July 2012","No Study Results Posted","null","June 2011","Define Toxicity profile|Maximum Tolerated Dose","https://ClinicalTrials.gov/show/NCT01139359"
14,"NCT01139346","Study of Oral Darinaparsin in Patients With Advanced Solid Tumors","Completed","No Results Available","Advanced Solid Tumors","Drug: darinaparsin","Ziopharm","Both","Adult|Senior","Phase 1","12","Industry","Interventional","Endpoint Classification: Safety/Efficacy Study|Intervention Model: Single Group Assignment|Primary Purpose: Treatment|Masking: Open Label","SGC1004","June 4, 2010","June 2010","April 2012","July 18, 2012","July 2012","No Study Results Posted","null","April 2012","Determine Toxicity Profile|Determine Maximum Tolerated Dose|Determine the preliminary activity/efficacy|Determine Pharmacokinetic profile","https://ClinicalTrials.gov/show/NCT01139346"
15,"NCT01168791","Study of Palifosfamide-tris in Combination With Doxorubicin in Patients With Front-line Metastatic Soft Tissue Sarcoma","Completed","No Results Available","Soft Tissue Sarcoma","Drug: doxorubicin in combination with palifosfamide-tris|Drug: doxorubicin in combination with placebo","Ziopharm","Both","Adult|Senior","Phase 3","447","Industry","Interventional","Allocation: Randomized|Endpoint Classification: Safety/Efficacy Study|Intervention Model: Parallel Assignment|Primary Purpose: Treatment|Masking: Double Blind (Subject, Investigator, Outcomes Assessor)","IPM3001","July 21, 2010","July 2010","March 2013","July 17, 2013","July 2013","No Study Results Posted","PICASSO III","March 2013","Progression Free Survival followed by Overall Survival|Quality of Life, as assessed by EORTC QLQ-C30 and EQ-5D questionnaires|Safety and Tolerability as evaluated using CTCAE v 4.0","https://ClinicalTrials.gov/show/NCT01168791"
16,"NCT01242072","Intravenous Palifosfamide-tris in Combination With Etoposide and Carboplatin in Patients With Malignancies","Active, not recruiting","No Results Available","Malignancy|Cancer|Non Small Cell Lung Cancer|Small Cell Lung Cancer|Testicular Cancer|Thymoma|Ovarian Cancer|Osteosarcoma","Drug: palifosfamide-tris","Ziopharm","Both","Adult|Senior","Phase 1","12","Industry","Interventional","Endpoint Classification: Safety Study|Intervention Model: Single Group Assignment|Primary Purpose: Treatment|Masking: Open Label","IPM1004","November 12, 2010","November 2010","December 2012","July 17, 2012","July 2012","No Study Results Posted","null","December 2012","Assess the safety profile|Determine the maximum tolerated dose|Assess early signs of efficacy","https://ClinicalTrials.gov/show/NCT01242072"
