"Rank","NCT Number","Title","Recruitment","Study Results","Conditions","Interventions","Sponsor/Collaborators","Gender","Age Groups","Phases","Enrollment","Funded Bys","Study Types","Study Designs","Other IDs","First Received","Start Date","Completion Date","Last Updated","Last Verified","Results First Received","Acronym","Primary Completion Date","Outcome Measures","URL"
1,"NCT01561768","A Study to Evaluate the Immune Response and Safety of a Seasonal Virus-Like Particle Influenza Vaccine in Healthy Young Adults","Completed","No Results Available","Influenza","Biological: Novavax Quadrivalent vaccine|Biological: Novavax Quadrivalent vaccine|Biological: Novavax Quadrivalent vaccine|Biological: Novavax Trivalent vaccine|Biological: cTIV","Novavax|Department of Health and Human Services","Both","Adult","Phase 2","500","Industry|U.S. Fed","Interventional","Allocation: Randomized|Endpoint Classification: Safety/Efficacy Study|Intervention Model: Parallel Assignment|Primary Purpose: Prevention|Masking: Double Blind (Subject, Investigator, Outcomes Assessor)","NVX 778.S205","March 2, 2012","March 2012","January 2013","July 16, 2013","July 2013","No Study Results Posted","null","January 2013","Immunogenicity of 3 dose levels of the Novavax Quadrivalent vaccine based on HAI responses|Number of Solicited and Unsolicited Adverse Events for the Novavax Quadrivalent vaccine|Estimate capacity of the Novavax Quadrivalent vaccines to fulfill FDA criteria (immunogenicity) for all strains in healthy, young adults|Impact of including a fourth strain in the Novavax Quadrivalent vaccine on immune responses to other three strains","https://ClinicalTrials.gov/show/NCT01561768"
2,"NCT02296463","A Phase I Randomized, Observer-Blinded, Dose-Ranging Study in Healthy Subjects 24 to <72 Months of Age","Recruiting","No Results Available","Respiratory Synctial Virus","Biological: RSV F Vaccine with adjuvant (0.5mL injection)|Biological: RSV F Vaccine (0.5mL injection)|Biological: Hepatitis A Vaccine (0.5mL injection)|Biological: Placebo (0.5mL injection)","Novavax","Both","Child","Phase 1","150","Industry","Interventional","Allocation: Randomized|Endpoint Classification: Safety/Efficacy Study|Intervention Model: Parallel Assignment|Primary Purpose: Prevention|Masking: Double Blind (Subject, Investigator, Outcomes Assessor)","RSV-P-101","November 8, 2014","November 2014","December 2015","November 20, 2014","November 2014","No Study Results Posted","null","December 2015","Numbers and percentages of subjects with solicited local and systemic AEs.|Immunogenicity as assessed by serum IgG antibody levels specific for the F protein antigen as detected by enzyme-linked immunosorbent assay (ELISA) providing a standardized ELISA Unit (EU) reasout based on a standard reference sample.|Epitope-specific immune responses to the RSV F protein antigen measured by serum titers in a competition ELISA assay using known-efficacious prophylactic antibody preparation, or in vitro neutralization assays using at least one prototype RSV/A and RSV/B","https://ClinicalTrials.gov/show/NCT02296463"
3,"NCT02307851","Quadrivalent Influenza VLP Vaccine Dose Ranging Study in Young Adults","Completed","No Results Available","Influenza","Biological: Quadrivalent VLP Vaccine|Biological: Comparator TIV","Novavax|Department of Health and Human Services","Both","Adult","Phase 2","400","Industry|U.S. Fed","Interventional","Allocation: Randomized|Endpoint Classification: Safety/Efficacy Study|Intervention Model: Parallel Assignment|Primary Purpose: Prevention|Masking: Double Blind (Subject, Investigator, Outcomes Assessor)","FLU-SIQ-206","November 17, 2014","November 2014","June 2015","September 29, 2015","September 2015","No Study Results Posted","null","June 2015","Immunogenicity of the quadrivalent VLP vaccine using HAI responses.|Safety of three quadrivalent VLP vaccine formulations. adverse events, Medically Attended Events (MAEs), Serious Adverse Events (SAEs), and Significant New medical Conditions (SNMCs)|Immunogenicity of each quadrivalent VLP vaccine formulation measured by neuraminidase inhibition (NAI)","https://ClinicalTrials.gov/show/NCT02307851"
4,"NCT01596725","A/H5N1 Virus-Like Particle Antigen Dose Ranging Study With Adjuvant 2","Completed","No Results Available","Influenza (Pandemic)","Biological: Monovalent Avian Influenza VLP (H5N1)|Biological: Monovalent Avian Influenza VLP (H5N1)|Biological: Monovalent Avian Influenza VLP (H5N1); Adjuvant|Biological: Monovalent Avian Influenza VLP (H5N1); Adjuvant|Biological: Monovalent Avian Influenza VLP (H5N1); Adjuvant|Biological: Saline Placebo","Novavax|Department of Health and Human Services","Both","Adult","Phase 1","333","Industry|U.S. Fed","Interventional","Allocation: Randomized|Endpoint Classification: Safety Study|Intervention Model: Parallel Assignment|Primary Purpose: Prevention|Masking: Double Blind (Subject, Investigator, Outcomes Assessor)","NVX778.P102","May 9, 2012","May 2012","August 2013","February 5, 2014","February 2014","No Study Results Posted","null","August 2012","Number of solicited and unsolicited adverse events in H5N1 VLP antigen dose groups delivering HA with/without Adjuvant 2.|Measurement of HAI antibody seroconversion rates and GMT achieved by a constant H5N1 VLP antigen dose alone and in combination with Adjuvant 2.","https://ClinicalTrials.gov/show/NCT01596725"
5,"NCT01594320","A/H5N1 Virus-Like Particle Antigen Dose Ranging Study With Adjuvant 1","Completed","No Results Available","Influenza (Pandemic)","Biological: Monovalent Avian Influenza VLP (H5N1)|Biological: Monovalent Avian Influenza VLP (H5N1)|Biological: Monovalent Avian Influenza VLP (H5N1); Adjuvant|Biological: Monovalent Avian Influenza VLP (H5N1); Adjuvant|Biological: Monovalent Avian Influenza VLP (H5N1); Adjuvant|Biological: Saline placebo","Novavax|Department of Health and Human Services","Both","Adult","Phase 1","333","Industry|U.S. Fed","Interventional","Allocation: Randomized|Endpoint Classification: Safety Study|Intervention Model: Parallel Assignment|Primary Purpose: Prevention|Masking: Double Blind (Subject, Investigator, Outcomes Assessor)","NVX778.P101","May 2, 2012","April 2012","August 2013","February 5, 2014","February 2014","No Study Results Posted","null","July 2012","Number of solicited and unsolicited adverse events in H5N1 VLP antigen dose groups delivering HA with/without Adjuvant 1.|Measurement of HAI antibody seroconversion rates and GMT achieved by a constant H5N1 VLP antigen dose alone and in combination with Adjuvant 1.","https://ClinicalTrials.gov/show/NCT01594320"
6,"NCT02370589","Study to Evaluate the Immunogenicity and Safety of an Ebola Virus (EBOV) Glycoprotein (GP) Vaccine in Healthy Subjects","Active, not recruiting","No Results Available","Ebola","Biological: Base Dose EBOV GP Vaccine|Biological: 2x Base Dose EBOV GP Vaccine|Biological: 4x Base Dose EBOV GP Vaccine|Biological: 8x Base Dose EBOV GP Vaccine|Biological: Placebo|Biological: Matrix-M Adjuvant","Novavax","Both","Adult","Phase 1","230","Industry","Interventional","Allocation: Randomized|Endpoint Classification: Safety/Efficacy Study|Intervention Model: Parallel Assignment|Primary Purpose: Prevention|Masking: Double Blind (Subject, Investigator)","EBOV-H-101","February 10, 2015","February 2015","April 2016","March 24, 2015","March 2015","No Study Results Posted","null","April 2016","Assessment of Adverse Events, SAEs, Medically Attended Events and Significant New Medical Conditions.|Immunogenicity as assessed by serum IgG antibody levels specific for EBOV Gp antigen as detected by ELISA.|Immunogenicity as assessed by epitope-specific immune responses to the EBOV GP antigen measured  by serum titers in a competition ELISA assay using known-neutralizing monoclonal antibodies.|Immunogenicity as assessed by serum EBOV neutralizing antibody reciprocal titers as detected by a VSV pseudotype-based method.","https://ClinicalTrials.gov/show/NCT02370589"
7,"NCT02266628","Placebo- Controlled Study to Evaluate the Safety and Immunogenicity of the RSV-F Vaccine in Elderly Adults","Active, not recruiting","No Results Available","Respiratory Syncytial Virus (RSV)","Biological: RSV-F Vaccine|Biological: Saline Placebo","Novavax","Both","Adult|Senior","Phase 2","1599","Industry","Interventional","Allocation: Randomized|Endpoint Classification: Safety/Efficacy Study|Intervention Model: Parallel Assignment|Primary Purpose: Prevention|Masking: Double Blind (Subject, Investigator, Outcomes Assessor)","RSV-E-201","October 13, 2014","October 2014","November 2015","September 29, 2015","September 2015","No Study Results Posted","null","October 2015","Immunogenicity as assessed by serum IgG antibody titers specific for the F-Protein antigen|Number and percentage of subjects with respiratory illness associated with RSV|Numbers and percentages of subjects with solicited local and systemic AEs.|Palivizumab competitive antibody responses based on antibody titers in competitive ELISA.|Neutralizing antibody titer to at least one prototypical RSV/A and one RSV/B virus strain.|Hemagglutination-inhibiting (HAI) antibody titers specific for the viruses in the 2014-15 vaccine at Day 28.","https://ClinicalTrials.gov/show/NCT02266628"
8,"NCT02247726","RSV F Vaccine Maternal Immunization Study in Healthy Third-trimester Pregnant Women.","Active, not recruiting","No Results Available","Respiratory Syncytial Virus Infections","Drug: Saline Placebo (0.5mL injection)|Drug: RSV F vaccine (0.5mL injection)","Novavax","Female","Adult","Phase 2","50","Industry","Interventional","Allocation: Randomized|Endpoint Classification: Safety/Efficacy Study|Intervention Model: Parallel Assignment|Primary Purpose: Prevention|Masking: Double Blind (Subject, Investigator, Outcomes Assessor)","RSV-M-203","September 16, 2014","September 2014","January 2016","March 20, 2015","March 2015","No Study Results Posted","null","January 2016","Counts and percentage of subjects with solicited injection site and systemic reactogenicity within seven days of vaccination.|Counts and percentage of subjects with unsolicited (local and systemic) adverse events (AE), unscheduled medically-attended adverse events (MAEs), and serious adverse events (SAEs) through delivery and six (6) months thereafter.|Clinical safety laboratory assessments of select serum chemistry and hematology parameters through delivery.|Counts and percentage of subjects with post-immunization onset of specific complications of third-trimester pregnancy and delivery|Counts and percentage of term healthy infants appropriate for gestational age.|Neonatal SAEs (including congenital anomalies, respiratory failure, fever/infection, and neonatal death or other adverse events/complications that necessitate extended hospitalization).|Growth and development over one year|Counts and proportion of infants with unsolicited adverse events|Counts and proportions of infants with medically-attended RSV lower respiratory tract infection (LRTI), and age of onset of those infections.|Immunogenicity as assessed by serum IgG antibody titers specific fro the F-Protein antigen.|Serum antibody titers inhibiting binding of labeled palivizumab to RSV F protein.|Serum microneutralization (MN) titers against RSV/A and B.previously referenced, but based on GMT.","https://ClinicalTrials.gov/show/NCT02247726"
9,"NCT02078674","A(H7N9) VLP Antigen Dose-Ranging Study With Matrix-M1™ Adjuvant","Completed","No Results Available","Influenza (Pandemic)","Biological: Monovalent Avian Influenza VLP (H7N9)|Biological: Matrix-M1™ adjuvant|Biological: Placebo","Novavax|Department of Health and Human Services","Both","Adult","Phase 1|Phase 2","610","Industry|U.S. Fed","Interventional","Allocation: Randomized|Endpoint Classification: Safety/Efficacy Study|Intervention Model: Parallel Assignment|Primary Purpose: Prevention|Masking: Double Blind (Subject, Investigator, Outcomes Assessor)","FLU-MI7A-201","March 3, 2014","March 2014","July 2015","September 29, 2015","September 2015","No Study Results Posted","null","July 2015","Assessment of Safety|Immunogenicity as assessed by hemagglutination-inhibiting (HAI) antibody titers against the vaccine-homologous A/Anhui/1/13 (H7N9) virus.|Immunogenicity as assessed by neuraminidase-inhibiting antibodies to N9.","https://ClinicalTrials.gov/show/NCT02078674"
10,"NCT01960686","RSV F Dose-Ranging Study in Women","Completed","No Results Available","Respiratory Syncytial Virus Infections","Biological: Low dose RSV F Antigen|Biological: High dose RSV F Antigen|Biological: Dose 1 of Adjuvant|Biological: Dose 2 of Adjuvant|Biological: Dose 3 of Adjuvant|Biological: Dose 4 of Adjuvant|Biological: Placebo","Novavax","Female","Adult","Phase 2","720","Industry","Interventional","Allocation: Randomized|Endpoint Classification: Safety/Efficacy Study|Intervention Model: Parallel Assignment|Primary Purpose: Treatment|Masking: Double Blind (Subject, Investigator, Outcomes Assessor)","NVX757.M202","October 8, 2013","October 2013","April 2014","September 23, 2014","September 2014","No Study Results Posted","null","April 2014","Immunogenicity as assessed by serum IgG antibody titers specific for the F-Protein antigen across treatment groups|Assessment of Safety|Immunogenicity based on neutralizing antibody titer|Kinetics of  serum IgG antibody titers specific for the F-Protein antigen across time|Immunogenicity based on antibodies sharing specificity with Palivizumab","https://ClinicalTrials.gov/show/NCT01960686"
11,"NCT01897701","A(H7N9) VLP Antigen Dose Ranging Study With Adjuvant 1","Completed","No Results Available","Avian Influenza","Biological: Monovalent Avian Influenza VLP (H7N9)|Biological: Adjuvant 1|Biological: Placebo","Novavax","Both","Adult|Senior","Phase 1","280","Industry","Interventional","Allocation: Randomized|Endpoint Classification: Safety Study|Intervention Model: Parallel Assignment|Primary Purpose: Prevention|Masking: Double Blind (Subject, Investigator, Outcomes Assessor)","NVX900.PH7.101","July 9, 2013","July 2013","August 2014","October 10, 2014","October 2014","No Study Results Posted","null","August 2014","Assessment of Safety|Immunogenicity as assessed by hemagglutination-inhibiting (HAI) antibody titers against the vaccine-homologous A/Anhui/1/13 (H7N9) virus.|Immunogenicity as assessed by neuraminidase-inhibiting antibodies to N9.","https://ClinicalTrials.gov/show/NCT01897701"
12,"NCT01709019","RSV-F Vaccine and Influenza Vaccine Co-Administration Study in the Elderly","Completed","No Results Available","Respiratory Syncytial Virus (RSV)","Biological: Low dose RSV-F Vaccine with Adjuvant (Day 0); Seasonal TIV (Day 0 & Day 28)|Biological: Low dose RSV-F Vaccine without Adjuvant (Day 0); Seasonal TIV (Day 0 & day 28)|Biological: High dose RSV-F Vaccine with Adjuvant (Day 0); Seasonal TIV (Day 0 & Day 28)|Biological: High dose RSV-F Vaccine without Adjuvant (Day 0); Seasonal TIV (Day 0 & Day 28)|Biological: Placebo (Day 0 & Day 28); Seasonal TIV (Day 0)","Novavax","Both","Adult|Senior","Phase 1","220","Industry","Interventional","Allocation: Randomized|Endpoint Classification: Safety/Efficacy Study|Intervention Model: Parallel Assignment|Primary Purpose: Prevention|Masking: Double Blind (Subject, Investigator, Outcomes Assessor)","NVX757.102","October 15, 2012","October 2012","March 2014","March 4, 2014","March 2014","No Study Results Posted","null","July 2013","Assessment of Safety|Immunogenicity as assessed by serum IgG antibody titers for the F-Protein antigen|Immunogenicity as assessed by serum HAI titers specific for the influenza antigens contained in the seasonal vaccine.","https://ClinicalTrials.gov/show/NCT01709019"
13,"NCT01704365","RSV-F Vaccine Dose Ranging Study in Young Women","Completed","No Results Available","Respiratory Syncytial Virus (RSV)","Biological: Low dose RSV-F Vaccine with Adjuvant|Biological: Low dose RSV-F Vaccine without Adjuvant|Biological: High dose RSV-F Vaccine with Adjuvant|Biological: High dose RSV-F Vaccine without Adjuvant|Biological: Low dose RSV-F Vaccine with Adjuvant [Bedside Mixing]|Biological: Placebo","Novavax|PATH","Female","Adult","Phase 2","330","Industry|Other","Interventional","Allocation: Randomized|Endpoint Classification: Safety/Efficacy Study|Intervention Model: Parallel Assignment|Primary Purpose: Treatment|Masking: Double Blind (Subject, Investigator, Outcomes Assessor)","NVX757.201","October 8, 2012","October 2012","May 2013","February 5, 2014","February 2014","No Study Results Posted","null","April 2013","Immunogenicity as assessed by serum IgG antibody titers specific for the F-Protein antigen across treatment groups|Assessment of the safety|Immunogenicity based on neturalizing antibody titer","https://ClinicalTrials.gov/show/NCT01704365"
14,"NCT01290419","Safety Study of Respiratory Syncytial Virus (RSV)-Fusion (F) Protein Particle Vaccine","Completed","No Results Available","Respiratory Syncytial Virus Infections","Biological: RSV-F Particle Vaccine|Biological: RSV-F Particle Vaccine|Biological: RSV-F Particle Vaccine|Biological: RSV-F Particle Vaccine|Biological: Placebo|Biological: RSV-F Particle Vaccine|Biological: RSV-F Particle Vaccine","Novavax","Both","Adult","Phase 1","150","Industry","Interventional","Allocation: Randomized|Endpoint Classification: Safety Study|Intervention Model: Parallel Assignment|Primary Purpose: Treatment|Masking: Double Blind (Subject, Investigator)","NVX 757.101","February 2, 2011","December 2010","December 2011","March 6, 2012","March 2012","No Study Results Posted","null","December 2011","To assess and compare the safety, reactogenicity, and tolerability of 6 RSV-F protein particle vaccine formulations.|To assess and compare the immunogenicity (neutralizing antibody and total anti-F antibody) of the 6 RSV-F protein particle vaccine formulations","https://ClinicalTrials.gov/show/NCT01290419"
15,"NCT00903552","Trial to Evaluate Safety and Immunogenicity of Trivalent Seasonal Influenza Virus-Like Particle (VLP) Vaccine (Recombinant)","Completed","No Results Available","Seasonal Influenza","Biological: Influenza VLP Vaccine|Biological: Placebo","Novavax","Both","Adult","Phase 2","221","Industry","Interventional","Allocation: Randomized|Endpoint Classification: Safety/Efficacy Study|Intervention Model: Parallel Assignment|Primary Purpose: Prevention|Masking: Double Blind (Subject, Caregiver, Investigator, Outcomes Assessor)","NVX 755.203","May 14, 2009","May 2009","October 2009","July 16, 2013","July 2013","No Study Results Posted","null","October 2009","To assess the tolerability and safety of the Influenza VLP Vaccine|The Influenza VLP Vaccine will be immunogenic","https://ClinicalTrials.gov/show/NCT00903552"
16,"NCT01072799","Safety and Immunogenicity of an A (H1N1) 2009 Influenza Virus-like Particle (VLP) Vaccine","Completed","No Results Available","Seasonal Influenza","Biological: Placebo|Biological: A/H1N1 2009 Influenza VLP Vaccine","Novavax|Instituto Mexicano del Seguro Social","Both","Adult","Phase 2","4560","Industry|Other","Interventional","Allocation: Randomized|Endpoint Classification: Safety/Efficacy Study|Intervention Model: Parallel Assignment|Primary Purpose: Prevention|Masking: Double Blind (Subject, Caregiver, Investigator, Outcomes Assessor)","NVX 754 H1N1-MEX","February 19, 2010","October 2009","March 2012","April 23, 2012","April 2012","No Study Results Posted","null","March 2012","Safety and tolerability of two injections of A (H1N1) 2009 influenza VLP vaccine|Evaluation of immunogenicity of two injections of A (H1N1) 2009 influenza VLP vaccine by Hemagglutination Inhibition|Long-term Serious Adverse Events (SAEs) and Significant New Medical Conditions (SNMCs)","https://ClinicalTrials.gov/show/NCT01072799"
17,"NCT01014806","Evaluate the Safety and Immunogenicity of a Seasonal Influenza Virus-Like Particle (VLP) Vaccine in Older Adults","Completed","No Results Available","Influenza","Biological: Influenza VLP Vaccine|Biological: TIV","Novavax","Both","Adult|Senior","Phase 2","467","Industry","Interventional","Allocation: Randomized|Endpoint Classification: Safety/Efficacy Study|Intervention Model: Parallel Assignment|Primary Purpose: Prevention|Masking: Double Blind (Subject, Caregiver, Investigator, Outcomes Assessor)","NVX755.202","November 14, 2009","November 2009","May 2010","July 16, 2013","July 2013","No Study Results Posted","null","May 2010","Adverse Events (AEs)|Immunogenicity by HAI|Immunogenicity by HAI compared to commercially licensed TIV vaccine|Immunogenicity Against drifted strains by HAI|Immunogenicity by neuraminidase activity inhibition (NAI)","https://ClinicalTrials.gov/show/NCT01014806"
18,"NCT00754455","Evaluate the Safety and Immunogenicity of a Seasonal Influenza VLP Vaccine (Recombinant) in Healthy Adults","Completed","No Results Available","Influenza","Biological: Influenza VLP Vaccine (recombinant)|Biological: Placebo","Novavax","Both","Adult","Phase 2","317","Industry","Interventional","Allocation: Randomized|Endpoint Classification: Safety/Efficacy Study|Intervention Model: Parallel Assignment|Primary Purpose: Prevention|Masking: Double Blind (Subject, Investigator)","NVX 755.201","September 16, 2008","September 2008","March 2009","July 16, 2013","July 2013","No Study Results Posted","null","March 2009","To assess the tolerability and safety of Influenza VLP Vaccine|To assess the immunogenicity of Influenza VLP Vaccine as measured by hemagglutination inhibition (HAI) antibody titers to each of the component viral strains|To evaluate cross-strain immunogenicity as measured by HAI titers against drifted strains|To quantify antibody responses against neuraminidase and hemagglutinin|To assess cell-mediated immune (CMI) responses to Influenza VLP Vaccine","https://ClinicalTrials.gov/show/NCT00754455"
19,"NCT00519389","Safety, Reactogenicity and Immunogenicity of an H5N1 VLP","Completed","No Results Available","Pandemic Influenza","Biological: H5N1 VLP Vaccine|Biological: Placebo","Novavax","Both","Adult","Phase 1|Phase 2","230","Industry","Interventional","Allocation: Randomized|Endpoint Classification: Safety/Efficacy Study|Intervention Model: Parallel Assignment|Primary Purpose: Prevention|Masking: Double Blind (Subject, Caregiver, Investigator, Outcomes Assessor)","H5N1 VLP-1","August 20, 2007","July 2007","November 2008","June 12, 2013","March 2012","No Study Results Posted","null","November 2008","Safety and reactogenicity of H5N1 VLP Vaccine|Immunogenicity of H5N1 VLP Influenza vaccine","https://ClinicalTrials.gov/show/NCT00519389"
