"Rank","NCT Number","Title","Recruitment","Study Results","Conditions","Interventions","Sponsor/Collaborators","Gender","Age Groups","Phases","Enrollment","Funded Bys","Study Types","Study Designs","Other IDs","First Received","Start Date","Completion Date","Last Updated","Last Verified","Results First Received","Acronym","Primary Completion Date","Outcome Measures","URL"
1,"NCT01889173","Comparative Pharmacokinetics and Safety of 3 Different Formulations of TNX-102 2.8 mg SL Tablets and Cyclobenzaprine 5 mg Oral Tablet in Healthy Adults","Completed","No Results Available","Healthy Adults","Drug: TNX-102 SL Tablets at 2.8 mg|Drug: TNX-102-B SL Tablets at 2.8 mg|Drug: TNX-102-C SL Tablets at 2.8 mg|Drug: Cyclobenzaprine tablets","Tonix Pharmaceuticals, Inc.","Both","Adult","Phase 1","24","Industry","Interventional","Allocation: Randomized|Endpoint Classification: Bio-availability Study|Intervention Model: Parallel Assignment|Primary Purpose: Treatment|Masking: Open Label","TNX-CY-F104","June 25, 2013","June 2013","March 2014","September 24, 2014","September 2014","No Study Results Posted","null","December 2013","Measured levels of cyclobenzaprine and norcyclobenzaprine in plasma and urine|Safety and tolerability of the 3 formulations of TNX-102 SL Tablets at 2.8 mg","https://ClinicalTrials.gov/show/NCT01889173"
2,"NCT01689259","Comparative Pharmacokinetics and Safety of TNX-102 SL Tablets and Cyclobenzaprine Oral Tablet in Healthy Adults","Completed","No Results Available","Healthy Adults","Drug: SL TNX-102 at 2.4 mg|Drug: SL TNX-102 at 4.8 mg|Drug: SL TNX-102-A at 2.4 mg|Drug: Cyclobenzaprine tablets","Tonix Pharmaceuticals, Inc.","Both","Adult","Phase 1","24","Industry","Interventional","Allocation: Randomized|Endpoint Classification: Bio-availability Study|Intervention Model: Parallel Assignment|Primary Purpose: Treatment|Masking: Open Label","TNX-CY-F103","September 14, 2012","September 2012","March 2014","September 24, 2014","September 2014","No Study Results Posted","null","December 2013","Measured levels of cyclobenzaprine and norcyclobenzaprine in plasma and urine|Safety and tolerability of TNX-102 SL Tablets at 2.4 mg and 4.8 mg.","https://ClinicalTrials.gov/show/NCT01689259"
3,"NCT01634412","Comparative Bioavailability of Sublingual TNX-102, Oral and Intravenous Cyclobenzaprine in Healthy Adults","Completed","No Results Available","Healthy Adults","Drug: SL TNX-102 2.4 mg at pH 3.5|Drug: SL TNX-102 2.4 mg at pH 7.1|Drug: Cyclobenzaprine Tablet|Drug: Cyclobenzaprine IV","Tonix Pharmaceuticals, Inc.","Both","Adult","Phase 1","24","Industry","Interventional","Allocation: Randomized|Endpoint Classification: Bio-availability Study|Intervention Model: Parallel Assignment|Primary Purpose: Treatment|Masking: Open Label","TNX-CY-F102","June 25, 2012","June 2012","January 2014","September 24, 2014","September 2014","No Study Results Posted","null","September 2013","• Measured levels of cyclobenzaprine and norcyclobenzaprine in plasma and urine|Safety and tolerability of sublingual TNX-102 2.4 mg at pH 3.5 and pH 7.1.","https://ClinicalTrials.gov/show/NCT01634412"
4,"NCT01490788","Comparative Bioavailability of TNX-102 and Cyclobenzaprine and Effect of Food on the Pharmacokinetics of TNX-102 in Healthy Adults","Completed","No Results Available","Healthy","Drug: TNX-102 2.4 mg, Fasting conditions|Drug: TNX-102 2.4 mg, Fed conditions|Drug: Cyclobenzaprine 5 mg, Fasting conditions","Tonix Pharmaceuticals, Inc.","Both","Adult","Phase 1","30","Industry","Interventional","Allocation: Randomized|Endpoint Classification: Bio-availability Study|Intervention Model: Crossover Assignment|Primary Purpose: Treatment|Masking: Open Label","TNX-CY-F101","December 7, 2011","December 2011","March 2014","September 24, 2014","September 2014","No Study Results Posted","null","September 2013","Measured levels of cyclobenzaprine and norcyclobenzaprine in plasma and urine|Safety and tolerability of TNX-102 2.4 mg","https://ClinicalTrials.gov/show/NCT01490788"
5,"NCT02436096","A Study to Evaluate eFFIcacy and Safety of Sublingual TNX-102 SL Tablet Taken at Bedtime in Patients With fibRoMyalgia","Recruiting","No Results Available","Fibromyalgia|Myofascial Pain Syndromes|Muscular Diseases|Musculoskeletal Diseases|Nervous System Diseases|Neuromuscular Diseases|Rheumatic Diseases","Drug: TNX-102 SL Tablet, 2.8mg|Drug: Placebo SL Tablet","Tonix Pharmaceuticals, Inc.","Both","Adult|Senior","Phase 3","500","Industry","Interventional","Allocation: Randomized|Endpoint Classification: Safety/Efficacy Study|Intervention Model: Parallel Assignment|Primary Purpose: Treatment|Masking: Double Blind (Subject, Caregiver, Investigator, Outcomes Assessor)","TNX-CY-F301","April 28, 2015","April 2015","November 2016","October 18, 2015","October 2015","No Study Results Posted","AFFIRM","November 2016","Average perceived pain|Patient's Global Impression of Change (PGIC)|Fibromyalgia Impact Questionnaire (FIQR)|Patient Reported Outcomes Measurement System (PROMIS)|Daily Diary sleep|Daily Diary pain|Safety of TNX-102 SL Tablets|Safety of TNX-102 SL Tablets assessed by changes from baseline in clinical laboratory tests|Safety of TNX-102 SL Tablets assessed by changes from baseline in vital signs|Safety of TNX-102 SL Tablets assessed by changes from baseline in physical examination findings including examination of the oral cavity|Safety of TNX-102 SL Tablets assessed by Monitoring suicidality using the C-SSRS scale|Safety of TNX-102 Sub lingual (SL) Tablets assessed by changes from baseline in BDI scores.","https://ClinicalTrials.gov/show/NCT02436096"
6,"NCT02290379","Phase 1 Single Ascending Dose Safety Study of TNX-201 Capsules in Healthy Volunteers","Active, not recruiting","No Results Available","Healthy","Drug: TNX-201 35 mg|Drug: TNX-201 70 mg|Drug: TNX-201 140 mg|Drug: Racemic isometheptene 70 mg|Drug: Placebo","Tonix Pharmaceuticals, Inc.","Both","Adult","Phase 1","45","Industry","Interventional","Allocation: Randomized|Endpoint Classification: Pharmacokinetics Study|Intervention Model: Single Group Assignment|Primary Purpose: Treatment|Masking: Double Blind (Subject, Caregiver)","TNX-IS-T101","November 6, 2014","November 2014","June 2015","April 8, 2015","November 2014","No Study Results Posted","null","May 2015","Plasma levels of isometheptene or metabolites.|Number of Adverse events","https://ClinicalTrials.gov/show/NCT02290379"
7,"NCT01903265","BEdtime Sublingual TNX-102 SL as Fibromyalgia Intervention Therapy (BESTFIT)","Completed","No Results Available","Primary Fibromyalgia","Drug: TNX-102 SL 2.8mg Tablets|Drug: Placebo","Tonix Pharmaceuticals, Inc.","Both","Adult","Phase 2|Phase 3","205","Industry","Interventional","Allocation: Randomized|Endpoint Classification: Safety/Efficacy Study|Intervention Model: Parallel Assignment|Primary Purpose: Treatment|Masking: Double Blind (Subject, Caregiver, Investigator, Outcomes Assessor)","TNX-CY-F202","July 12, 2013","September 2013","November 2015","November 5, 2015","November 2015","No Study Results Posted","BESTFIT","September 2014","Average perceived pain|Patient's Global Impression of Change|Fibromyalgia Impact Questionnaire|Patient pain improvement response rate|SF-36 Physical Component score|Safety of TNX-102 SL Tablets","https://ClinicalTrials.gov/show/NCT01903265"
8,"NCT02423408","Safety and Efficacy Study of TNX-201 Capsules for Treatment of Single Tension-Type Headache","Active, not recruiting","No Results Available","Tension-Type Headache","Drug: TNX-201|Drug: Placebo","Tonix Pharmaceuticals, Inc.","Both","Adult","Phase 2","200","Industry","Interventional","Allocation: Randomized|Endpoint Classification: Safety/Efficacy Study|Intervention Model: Parallel Assignment|Primary Purpose: Treatment|Masking: Double Blind (Subject, Caregiver, Investigator, Outcomes Assessor)","TNX-IS-T201","April 15, 2015","June 2015","April 2016","November 9, 2015","November 2015","No Study Results Posted","null","December 2015","Proportion of subjects pain free|Proportion of subjects pain free at 15, 30, 60, 90 minutes and 4 hours post-dose (Pain will be assessed by 4-point NRS, VAS, and binary yes/no question)|Proportion of subjects using rescue medication during the 24-hour post-dose period|Change from baseline in pain severity score at 15 minutes, 30 minutes, 60 minutes, 90 minutes, 2 hours, and 4 hours post-dose","https://ClinicalTrials.gov/show/NCT02423408"
9,"NCT02277704","Safety and Efficacy Study of TNX-102 SL in Subjects With Military-Related PTSD and Related Conditions","Recruiting","No Results Available","PTSD","Drug: TNX-102 SL|Drug: Placebo","Tonix Pharmaceuticals, Inc.","Both","Adult","Phase 2","240","Industry","Interventional","Allocation: Randomized|Endpoint Classification: Safety/Efficacy Study|Intervention Model: Parallel Assignment|Primary Purpose: Treatment|Masking: Double Blind (Subject, Caregiver, Investigator, Outcomes Assessor)","TNX-CY-P201","October 23, 2014","October 2014","June 2016","October 28, 2015","October 2015","No Study Results Posted","AtEase","June 2016","Evaluate the efficacy of TNX-102 SL 2.8 mg using the DSM-5 total symptom severity score|Clinician Administered PTSD Scale (for DSM-5)|PTSD Checklist (Version 5)|Sheehan Disability Scale|Patient Global Impression of Change (Since Baseline) Scale|Number of Participants with Adverse Events|Change from baseline in ECG, lab results, vital signs and weight|Changes from baseline in subject reported morning sedation|Changes from baseline indicative of increased suicidal ideation or behavior as assessed by the Columbia Suicide Severity Rating Scale (C-SSRS)|Patient-Reported Outcome Measurement Information System- Sleep","https://ClinicalTrials.gov/show/NCT02277704"
10,"NCT02589275","A 3-Month Open-Label Safety and Efficacy Study of TNX-102 SL Tablets in Fibromyalgia Patients","Enrolling by invitation","No Results Available","Primary Fibromyalgia","Drug: TNX-102 SL Tablet 2.8 mg","Tonix Pharmaceuticals, Inc.","Both","Adult|Senior","Phase 3","1000","Industry","Interventional","Endpoint Classification: Safety/Efficacy Study|Intervention Model: Single Group Assignment|Primary Purpose: Treatment|Masking: Open Label","TNX-CY-F303","October 19, 2015","August 2015","October 2016","October 26, 2015","October 2015","No Study Results Posted","null","October 2016","Safety will be assessed by AEs, clinical laboratory tests, vital signs, physical examination, oral cavity examinations, Columbia C-SSRS scale, and depression status using the BDI.|Efficacy: 24-hour and 7-day recall assessments of the pain of FM using an in-clinic 11-point (0-11) NRS administered at Months 1, 2 and 3|Efficacy: Patient's Global Impression of Change (PGIC) at Months 1, 2 and 3|Efficacy: Fibromyalgia Impact Questionnaire - Revised (FIQR) total, individual domain and item scores at Months 1, 2 and 3|Efficacy: Patient Reported Outcomes Measurement Information System (PROMIS) scale for fatigue at Months 1, 2 and 3|Efficacy: Patient Reported Outcomes Measurement Information System (PROMIS) scale for sleep disturbance at Months 1, 2 and 3","https://ClinicalTrials.gov/show/NCT02589275"
11,"NCT02421679","Open Label Extension Safety and Efficacy Study of TNX-102 SL Tablets in Military Related PTSD and Related Conditions","Enrolling by invitation","No Results Available","PTSD","Drug: TNX-102 SL","Tonix Pharmaceuticals, Inc.","Both","Adult|Senior","Phase 2","200","Industry","Interventional","Endpoint Classification: Safety/Efficacy Study|Intervention Model: Single Group Assignment|Primary Purpose: Treatment|Masking: Open Label","TNX-CY-P202","April 9, 2015","April 2015","October 2016","October 19, 2015","October 2015","No Study Results Posted","P202","July 2016","Safety (Adverse events, change in lab test results and vital signs)|Total CAPS-5 (Clinician Administered PTSD Scale (for Diagnostic and Statistical Manual of Mental Disorders Version 5)|Response rates a in Total CAPS-5 score|CAPS-5 cluster score items|Montgomery-Asberg Depression Rating Scale|PROMIS (Patient -Reported Outcome Measurement Information System)|MTRSS (Morning Treatment-Related Sedation Scale)|PGIC (Patient Global Impression of Change Scale)","https://ClinicalTrials.gov/show/NCT02421679"
12,"NCT02015234","12-Month Open-Label Long-term Safety Study of TNX-102 SL Tablets in Fibromyalgia Patients","Completed","No Results Available","Primary Fibromyalgia","Drug: TNX-102 SL","Tonix Pharmaceuticals, Inc.","Both","Adult","Phase 3","158","Industry","Interventional","Endpoint Classification: Safety/Efficacy Study|Intervention Model: Single Group Assignment|Primary Purpose: Treatment|Masking: Open Label","TNX-CY-F203","December 9, 2013","December 2013","August 2015","October 23, 2015","October 2015","No Study Results Posted","BESTFIT-OLE","August 2015","Safety|Efficacy","https://ClinicalTrials.gov/show/NCT02015234"
